target_pitch,actual_pitch,target_roll,actual_roll,estimated_total_velocity,vertical_velocity,a_x,a_y,a_z
10.000000,11.873426,0.000000,0.105779,0.086921,-0.083795,2.051376,0.114922,9.572019
10.000000,11.905495,0.000000,0.079973,0.067511,-0.063509,2.020367,0.068235,9.585187
10.000000,12.005508,0.000000,0.037913,0.051810,-0.046469,2.151559,0.070629,9.539697
10.000000,12.024756,0.000000,-0.021873,0.037701,-0.029827,2.126513,-0.077812,9.540894
10.000000,12.040308,0.000000,-0.064060,0.027890,-0.015687,2.115780,-0.165200,9.594764
10.000000,12.090444,0.000000,-0.110150,0.024043,-0.005094,2.177798,-0.111330,9.502586
10.000000,12.098551,0.000000,-0.013727,0.024489,0.005838,2.111009,-0.356736,9.779117
10.000000,11.904816,0.000000,0.206243,0.036502,0.028361,1.661376,-0.405817,9.635465
10.000000,11.839807,0.000000,0.535711,0.060345,0.056703,1.658991,-0.456095,10.978612
10.000000,11.732425,0.000000,1.123991,0.112892,0.111781,0.201560,0.272939,10.818200
10.000000,11.503904,0.000000,1.707443,0.156656,0.156084,-0.571284,-0.089783,10.405201
10.000000,11.392868,0.000000,1.903638,0.150239,0.148059,-0.332752,-0.663194,9.959879
10.000000,11.337698,0.000000,2.026691,0.138783,0.133215,-0.107339,-0.214281,9.106346
10.000000,11.493800,0.000000,2.334683,0.060067,0.032177,0.760917,0.933739,8.956709
10.000000,12.074394,0.000000,2.594256,0.053364,-0.023875,1.923761,1.508347,8.761581
10.000000,13.306141,0.000000,2.869673,0.122569,-0.115902,3.190367,1.626860,8.060080
10.000000,14.724807,0.000000,3.034908,0.142226,-0.140870,4.507064,1.567005,7.147889
10.000000,16.221033,0.000000,3.214858,0.283311,-0.283283,5.749815,1.412579,6.569689
10.000000,18.232479,0.000000,3.703896,0.432885,-0.431904,6.624036,2.438494,6.199785
10.000000,22.360891,0.000000,4.308660,0.502088,-0.246650,9.385044,1.691504,7.831434
10.000000,24.944256,0.000000,4.426773,0.488322,-0.180940,12.259356,1.310825,8.990228
10.000000,27.915745,0.000000,4.406068,0.502094,0.168213,16.437246,0.954089,10.120291
10.000000,30.229433,0.000000,4.241545,0.800625,0.585323,18.875044,1.636437,12.295423
10.000000,30.487349,0.000000,4.885268,1.288990,1.149432,19.397429,3.709816,15.518019
10.000000,29.515400,0.000000,9.584050,2.455225,2.364873,19.516695,13.069947,9.315839
10.000000,31.920202,0.000000,15.393363,2.575418,2.428873,16.145044,11.160571,-1.416170
10.000000,28.640694,0.000000,14.766500,2.809264,2.666975,6.898348,2.693477,5.448006
10.000000,26.602108,0.000000,13.407929,2.335994,2.153660,3.558899,-0.026336,-0.423774
10.000000,23.123802,0.000000,10.955692,2.128638,1.923819,1.939266,-1.568202,2.825158
10.000000,21.223804,0.000000,9.919118,1.800343,1.549763,2.775321,-0.245406,0.238223
10.000000,19.008791,0.000000,8.642056,1.263481,0.872539,2.968532,-0.802058,2.710236
10.000000,18.041939,0.000000,7.795397,1.030081,0.438190,1.901101,-0.495600,3.159149
10.000000,17.525225,0.000000,7.018048,0.928546,0.034817,1.994128,-0.484826,5.090073
10.000000,17.383211,0.000000,6.763130,0.936185,-0.158987,2.566605,-0.557849,7.029376
10.000000,17.049543,0.000000,6.593690,0.958110,-0.276926,2.077614,-0.263362,8.005013
10.000000,16.798008,0.000000,6.159390,0.992293,-0.392748,2.050183,-0.153229,8.243237
10.000000,16.426003,0.000000,5.441764,1.010874,-0.450971,2.133669,-0.063446,8.499416
10.000000,15.965998,0.000000,4.767756,1.032904,-0.515982,1.867706,0.034716,8.391677
10.000000,15.620248,0.000000,4.516884,1.078052,-0.609694,1.583853,-0.070629,8.580819
10.000000,15.306425,0.000000,4.620785,1.081880,-0.624862,1.655413,0.007183,8.814254
10.000000,14.704067,0.000000,4.517200,1.092969,-0.723135,1.192660,0.338780,9.434352
10.000000,14.405453,0.000000,4.327421,1.068512,-0.691003,1.179541,0.531513,9.888053
10.000000,14.201555,0.000000,4.340512,1.054969,-0.675109,1.180734,0.257377,9.520543
10.000000,13.966208,0.000000,4.450853,1.039144,-0.659870,1.103211,0.269348,9.813833
10.000000,13.739861,0.000000,4.520768,1.141402,-0.632477,1.113945,0.544681,9.759963
10.000000,13.425394,0.000000,4.414481,1.445335,-0.598061,1.127064,0.690727,9.783905
10.000000,12.754415,0.000000,4.492660,1.841551,-0.632301,1.010183,0.330400,8.148665
10.000000,12.192372,0.000000,4.491787,2.167434,-0.662745,0.720367,0.082600,8.984241
10.000000,12.416685,0.000000,3.396058,2.756728,-0.620418,0.957706,0.067038,11.139024
10.000000,12.449963,0.000000,3.161506,3.015991,-0.523012,0.901651,0.055067,10.846931
10.000000,12.325381,0.000000,3.597453,3.274869,-0.451122,0.802660,0.137667,11.726800
10.000000,11.953853,0.000000,4.497729,3.515349,-0.288135,0.935046,0.356736,11.583148
10.000000,11.714180,0.000000,5.347698,3.801149,-0.172808,0.793119,0.641646,11.367670
10.000000,11.687313,0.000000,5.502378,4.030191,-0.098726,0.708440,0.548272,9.600749
10.000000,11.675723,0.000000,5.821491,4.254355,-0.117567,0.677431,0.757765,8.795100
10.000000,11.610398,0.000000,5.978781,4.463529,-0.130357,0.577248,0.548272,9.011775
10.000000,11.696187,0.000000,6.032752,4.666224,-0.157383,0.541468,0.178368,9.910798
10.000000,11.632458,0.000000,6.025168,4.860227,-0.154454,0.621376,-0.295684,9.643845
10.000000,11.553117,0.000000,5.723994,5.042839,-0.149690,0.570092,-0.281319,10.383653
10.000000,10.976608,0.000000,5.467177,5.250171,-0.044934,0.665505,-0.005986,11.955446
10.000000,10.318137,0.000000,5.491680,5.415331,0.011414,0.650000,-0.016759,9.680955
10.000000,10.083789,0.000000,5.316840,5.572602,0.006926,0.393578,-0.037110,10.249578
10.000000,10.116372,0.000000,4.740156,5.721399,0.023601,0.347064,0.120907,9.917980
10.000000,10.310219,0.000000,3.630965,5.713093,0.265197,0.504495,-0.010774,11.313800
10.000000,10.340739,0.000000,3.977803,5.938941,0.277187,0.475872,0.106542,12.352883
10.000000,10.321527,0.000000,4.377534,6.162715,0.472138,0.492569,0.518345,11.106702
10.000000,10.334023,0.000000,4.388478,6.363414,0.517869,0.356605,0.585382,11.423933
10.000000,10.277030,0.000000,4.058130,6.561417,0.598222,0.325596,0.325611,11.488577
10.000000,10.347281,0.000000,3.137182,6.795782,0.785284,0.399541,0.208296,12.710816
10.000000,10.421281,0.000000,2.474758,6.975852,0.880391,0.342294,0.374693,12.315774
10.000000,10.447668,0.000000,2.619515,7.152435,0.993546,0.407890,0.568623,12.770672
10.000000,10.400218,0.000000,3.532810,7.336528,1.195277,0.341101,0.669179,11.890802
10.000000,10.443640,0.000000,4.472264,7.483743,1.266910,0.230183,0.900220,11.378444
10.000000,10.501604,0.000000,4.397243,7.623542,1.287811,0.234954,1.096544,10.614694
10.000000,10.457757,0.000000,3.963311,7.757885,1.300020,0.317248,0.349553,10.268731
10.000000,10.435675,0.000000,4.763653,7.902032,1.315690,0.361376,0.632069,10.492589
10.000000,10.137811,0.000000,5.556050,8.024059,1.334383,0.294587,0.840365,10.435128
10.000000,10.003927,0.000000,5.331728,8.134878,1.312066,0.190826,0.550666,10.032902
10.000000,9.973919,0.000000,4.150315,8.231823,1.278836,0.232569,-0.089783,9.337387
10.000000,9.940551,0.000000,3.220159,8.327089,1.213969,0.256422,-0.203507,10.019734
10.000000,9.871896,0.000000,2.835012,8.423804,1.191140,0.392385,-0.237026,9.673772
10.000000,9.937339,0.000000,2.684451,8.514863,1.167011,0.395963,0.043096,11.063606
2.920000,10.066563,0.000000,2.601082,8.620533,1.183550,0.533119,-0.059855,11.052833
3.760000,10.215130,-0.018122,2.102217,8.748133,1.236868,0.591560,-0.131681,11.943475
1.800000,8.975706,-0.053960,1.092157,8.714412,1.494128,0.453211,-0.025139,10.897209
7.280000,7.717288,-0.163127,1.058602,8.809928,1.467546,0.341101,0.076614,9.977836
12.120000,6.644761,-0.328599,1.093593,8.894284,1.386441,0.196789,0.348356,8.510190
18.440001,6.152617,-0.808798,1.267201,8.964916,1.264474,-0.094220,0.146046,8.058883
19.280001,6.488640,-0.889348,1.614780,9.030537,1.091336,-0.144312,0.050278,9.378088
19.240000,7.202783,-1.085400,1.772546,9.107774,1.061427,-0.236147,0.241814,10.685322
15.640000,8.775975,-1.972452,1.769554,9.286786,1.202797,0.323211,0.120907,12.449849
15.800000,9.306709,-2.185586,2.043675,9.366656,1.246094,0.228991,-0.252588,10.658986
14.520000,10.032832,-2.147985,1.914609,9.436017,1.250548,0.242110,0.307655,10.411186
14.760000,10.784980,-1.930437,1.227229,9.494961,1.255929,0.494954,0.477643,11.009736
9.600000,11.385657,-1.967518,0.794167,9.560081,1.290225,0.691743,0.567426,11.797429
4.800000,12.137425,-1.989130,1.289118,9.638804,1.382774,0.946972,0.870292,11.384429
3.920000,12.366408,-2.083249,1.157948,9.694810,1.407122,0.942202,0.770933,10.758346
4.560000,12.064336,-2.234992,0.341446,9.750865,1.413522,0.820550,0.599748,10.907983
5.400000,11.207096,-2.586977,-0.559347,9.807577,1.434094,0.803853,0.234632,9.981427
4.400000,10.184833,-3.637891,-0.905067,9.824759,1.388131,0.772844,0.271742,9.114726
1.760000,9.172299,-4.172444,-0.747468,9.825215,1.241192,0.681009,0.750582,7.943961
0.080000,8.648099,-5.315244,-0.968995,9.828536,1.127978,0.596330,0.492008,8.467094
0.120000,8.565819,-6.861790,-1.725146,9.835790,1.022449,0.740642,-0.120907,7.736863
0.080000,8.408066,-7.306565,-2.734367,9.847222,0.968091,0.870642,-0.228646,11.043256
0.120000,7.894924,-7.588472,-3.713366,9.863234,0.958030,0.975596,-0.640449,9.506178
0.200000,6.979579,-8.122258,-4.935996,9.878780,0.942171,0.869449,-0.318429,9.631873
0.040000,5.654521,-8.786991,-6.516365,9.892432,0.845215,0.788349,0.177171,7.846996
0.040000,4.746758,-8.980636,-6.980302,9.902016,0.728132,0.657156,-0.040701,6.986280
-0.000000,4.497850,-6.232852,-6.880360,9.870576,0.253584,0.504495,-0.023942,7.572860
-0.000000,4.690322,-4.922229,-7.555542,9.886088,0.116316,0.617798,0.379481,7.787141
-0.000000,4.757246,-4.528709,-7.730208,9.903130,0.035270,1.076972,0.524330,9.657013
-0.000000,4.485023,-4.232574,-6.804896,9.921023,0.011342,1.227248,0.647632,9.042900
-0.000000,4.305886,-4.037051,-5.820041,9.938988,-0.024576,1.191468,0.602142,9.882068
-0.000000,4.159695,-3.477277,-5.534892,9.960252,-0.042520,1.185504,0.561440,9.227253
0.040000,4.062728,-2.832529,-5.821259,9.978377,-0.081905,1.295229,0.193930,9.532514
-0.000000,3.748712,-2.387837,-6.156612,9.994918,-0.103297,1.243945,0.767342,9.203311
-0.000000,3.103397,-1.981861,-6.224082,10.010975,-0.123641,1.236789,0.705092,8.746018
-0.000000,2.721202,-1.883190,-5.944544,10.032559,-0.242610,1.228440,0.338780,8.418014
-0.000000,2.645831,-1.882751,-5.277389,10.030838,-0.307674,1.253486,0.204704,8.145074
-0.000000,2.603265,-2.127076,-4.865677,10.026280,-0.358680,1.229633,0.645237,9.405622
0.960000,2.463346,-2.839122,-4.703490,10.017571,-0.407797,1.008991,0.681150,9.315839
1.800000,2.278933,-3.914634,-4.775506,10.008334,-0.421954,1.087706,0.186748,8.656237
2.520000,2.160547,-5.593738,-4.692264,10.001899,-0.466048,0.884954,0.167594,9.290700
4.640000,2.164305,-7.742289,-4.802743,9.995161,-0.504552,0.763303,0.598550,9.080010
6.160000,2.374192,-9.192117,-5.407908,9.986626,-0.521480,0.847982,0.199916,9.515755
9.120000,2.784592,-9.543875,-6.584962,9.977745,-0.531198,0.743027,-0.254982,9.728839
11.640000,3.510945,-9.754219,-7.981204,9.963101,-0.477566,0.782385,-0.316035,10.894814
14.880000,4.294916,-9.849955,-8.001348,9.950646,-0.407990,1.168807,-0.669179,12.769475
16.639999,5.030550,-9.765816,-7.396541,9.934915,-0.169016,1.311926,-0.399832,11.766304
16.520000,6.397832,-9.659825,-7.840814,9.903672,0.173024,1.290458,0.254982,11.852495
18.959999,6.796518,-8.428812,-8.537550,9.892710,0.240458,1.192660,0.266953,11.827356
19.959999,7.054654,-7.965389,-8.970272,9.880050,0.395917,0.964862,0.302867,10.584765
19.760000,7.548429,-7.448829,-9.112621,9.871366,0.435794,0.893303,-0.241814,10.269928
11.960000,8.326009,-6.994513,-8.797518,9.860153,0.474495,1.144954,-0.110133,10.380061
6.920000,9.082674,-5.575028,-8.146549,9.850249,0.562528,1.124679,0.641646,11.589133
5.120000,9.701927,-4.184159,-7.728499,9.837772,0.644615,1.397798,0.310049,10.844537
3.360000,9.873439,-3.781076,-7.519415,9.837667,0.733005,1.526605,0.319626,10.747571
3.160000,9.619479,-3.756641,-7.172305,9.834224,0.797132,1.517064,0.712275,11.306618
4.240000,8.940046,-3.831643,-6.816448,9.837892,0.851419,1.388257,0.465672,10.060435
5.560000,7.873382,-3.944189,-6.096467,9.843182,0.858945,1.131835,0.664391,9.625888
7.120000,7.076698,-4.139534,-5.565407,9.846280,0.835759,1.171193,0.567426,9.063251
7.560000,6.535044,-4.418521,-5.360693,9.851513,0.811857,1.184312,0.652420,9.313444
6.960000,6.543724,-4.601532,-5.356188,9.856055,0.751289,0.896881,0.456095,8.722076
6.920000,7.018785,-4.987672,-4.777240,9.855352,0.706027,1.109174,0.484826,9.582792
7.360000,7.235883,-5.175864,-4.612895,9.864906,0.713540,1.080550,0.672771,10.366894
9.200000,7.606584,-5.267428,-5.058025,9.877606,0.762762,0.960092,0.432153,10.728417
10.920000,8.118194,-5.314514,-5.502834,9.878141,0.843263,1.196238,0.179565,11.781867
13.120000,8.454460,-5.309912,-5.629243,9.898889,0.957102,1.303578,0.243011,10.988189
14.600000,8.774269,-5.323304,-5.623680,9.915609,1.028264,1.177156,0.471658,11.558009
15.560000,9.546531,-5.293870,-5.388248,9.839062,1.308713,1.166422,0.043096,11.347319
15.560000,10.064979,-5.317179,-5.217868,9.867188,1.395180,1.241559,-0.088585,11.496957
13.480000,10.690822,-4.890009,-4.923845,9.885591,1.459793,1.321468,0.185551,11.259931
11.440000,11.260419,-3.497618,-4.880437,9.909702,1.522223,1.195046,0.162806,11.277887
12.240000,11.727853,-1.982940,-4.888075,9.924041,1.573282,1.414495,0.211887,10.721235
12.680000,11.840810,-0.932342,-4.682579,9.947168,1.645819,1.285688,0.908600,10.512939
9.480000,11.521618,-0.516570,-4.190769,9.931153,1.666246,1.245137,1.088165,10.359711
4.880000,11.279545,-0.391657,-3.354407,9.915800,1.688951,1.326238,0.591368,10.273520
2.880000,11.146116,-0.308754,-2.702522,9.905904,1.710032,1.376330,0.125696,10.404003
2.400000,10.740673,-0.308036,-2.802922,9.896405,1.724059,1.495596,-0.507571,10.345345
2.480000,9.499966,-0.490911,-2.785254,9.895644,1.730729,1.334587,-0.361524,9.254786
2.560000,8.103889,-0.386839,-2.151330,9.886986,1.676938,1.062660,0.101754,8.312668
3.640000,6.887220,-0.566626,-1.406263,9.854763,1.460882,1.079358,-0.117316,6.505046
4.760000,6.217872,-0.907478,-0.734670,9.834144,1.269458,0.857523,0.172383,5.701791
7.240000,5.953128,-1.690097,-0.573174,9.818583,1.084357,0.808624,0.045490,6.597223
8.080000,5.959379,-2.532196,-0.495443,9.810592,0.917731,0.912385,-0.165200,6.616376
9.800000,6.096812,-3.432683,-0.076357,9.802421,0.658304,0.776422,-0.280122,7.957129
11.240000,6.364006,-3.897633,-0.180808,9.808992,0.553719,0.601101,-0.389058,8.184579
12.640000,6.875447,-4.185007,-0.738461,9.815464,0.417481,0.846789,-0.111330,9.157822
14.040000,7.449995,-4.415273,-1.603010,9.824979,0.409990,1.005413,0.134075,10.590752
14.360000,7.641023,-4.441196,-2.440155,9.833630,0.450387,1.137798,0.295684,11.841722
15.760000,8.168464,-4.279290,-3.585490,9.772622,0.778537,1.097248,0.458490,11.270704
17.200001,8.659759,-4.130173,-3.577940,9.786493,0.836492,1.112752,0.536301,11.077971
16.959999,9.063936,-3.797309,-3.656159,9.797980,0.870959,1.141376,0.430956,11.174936
16.440001,9.334345,-3.236971,-3.762048,9.802371,0.947794,1.071009,0.946907,10.163386
16.200001,9.733180,-2.364051,-3.637978,9.773717,0.951888,0.930275,0.944513,10.506954
15.720000,10.289614,-1.211453,-3.288652,9.745803,0.957321,1.248715,0.502782,10.477027
17.200001,10.844439,-0.665570,-2.718938,9.716561,1.022997,1.116330,0.009577,10.838552
16.879999,11.299391,-0.141316,-2.212450,9.710291,1.056276,1.103211,0.116119,10.951078
16.639999,11.758608,0.060651,-1.578839,9.708405,1.148984,1.232018,0.359130,11.441890
16.160000,12.158176,1.417817,-1.113556,9.713989,1.219978,1.307156,0.466869,11.850101
16.280001,12.450957,2.050464,-0.921905,9.727900,1.304882,1.304770,-0.287304,12.155362
17.480000,12.766972,2.037426,-0.946369,9.750614,1.397977,1.465780,-0.480037,11.404779
18.360001,12.940530,1.186294,-0.792122,9.778974,1.523574,1.360826,0.033519,11.567586
18.400000,12.721469,0.061457,-0.227264,9.801619,1.583399,1.457431,-0.272939,12.130223
17.600000,12.126313,0.000000,0.317425,9.838140,1.713573,1.265413,-0.070629,10.467450
17.360001,12.344747,-0.927367,0.023857,9.875447,1.743583,1.307156,-0.430956,11.356895
17.320000,12.529795,-1.491632,-0.687450,9.921963,1.867042,1.295229,-0.916979,11.493365
16.920000,12.567392,-2.056202,-0.993311,9.947731,1.906625,1.453853,-0.001197,10.726024
15.880000,12.533123,-2.371488,-1.144951,9.966186,1.922242,1.358440,0.278924,10.478224
15.560000,12.477009,-2.520080,-1.638727,9.980866,1.910739,1.263027,0.266953,9.745598
16.000000,12.492097,-2.580594,-1.774205,9.972994,1.826477,1.307156,-0.262165,9.220071
17.200001,12.645664,-2.622081,-1.281118,9.966740,1.754208,1.408532,0.114922,9.452309
16.959999,12.849279,-2.510434,-1.283263,9.928109,1.705935,1.500367,0.591368,9.653421
15.040000,13.013322,-1.862618,-2.054363,9.894046,1.666079,1.557615,0.581791,9.812635
14.760000,13.268457,-0.888535,-2.843822,9.865726,1.627790,1.598165,0.611719,9.968259
14.800000,13.567185,-0.578019,-2.732534,9.843437,1.597867,1.657798,0.372298,9.643845
14.800000,13.756581,-0.494805,-1.832068,9.822743,1.556868,1.908257,0.748188,10.006566
14.440000,13.804211,-0.452764,-1.190842,9.803227,1.516633,1.781835,0.919373,9.503783
14.560000,13.956332,-0.370266,-1.001497,9.792029,1.479328,1.728165,0.567426,9.679757
15.400000,13.785043,-0.349202,-0.736615,9.785417,1.453434,1.786605,0.468066,10.030508
16.639999,13.227174,-0.491700,-0.864236,9.782770,1.432872,1.790183,0.132878,9.287108
17.480000,12.935067,-0.715458,-1.223845,9.772711,1.352187,1.453853,0.292093,8.180987
18.320000,13.152206,-0.981270,-1.497968,9.765285,1.268113,1.441926,0.000000,9.477448
19.959999,13.354811,-1.738488,-1.166387,9.763809,1.192925,1.539725,-0.124498,9.692925
19.959999,13.265763,-2.188873,-0.996774,9.771045,1.170771,1.443119,-0.538695,9.324219
19.959999,13.635016,-2.378220,-1.398945,9.778384,1.102747,1.377523,-0.399832,9.659407
19.559999,13.990713,-2.445541,-1.877657,9.787067,1.095406,1.571926,-0.050278,9.728839
19.200001,14.115265,-2.428283,-2.167161,9.794941,1.071707,1.728165,-0.052672,10.035296
17.840000,13.978956,-2.202976,-2.429019,9.804441,1.064566,1.519449,0.223858,9.302670
17.520000,14.150906,-1.917381,-3.018949,9.809435,0.985919,1.384679,0.284910,8.998607
16.920000,14.464346,-1.693699,-3.298988,9.812943,0.928928,1.444312,0.500388,8.803479
15.800000,14.626042,-1.461943,-3.069190,9.774592,0.827948,1.552844,0.241814,9.072827
13.880000,14.537992,-0.596464,-2.462423,9.765806,0.576720,1.698348,0.471658,8.236053
13.760000,14.654731,-0.020508,-2.285930,9.731771,0.523687,1.736514,0.339977,8.884883
13.000000,14.700941,0.061352,-1.823503,9.702622,0.447434,1.861743,0.470461,9.491813
10.720000,14.678764,2.671047,-1.358242,9.681730,0.413959,1.946422,0.256180,8.912416
10.720000,14.609137,4.186516,-0.809483,9.663295,0.376476,1.864128,0.539892,9.473856
9.680000,14.349026,5.465818,-0.609261,9.649095,0.329038,1.872477,0.205901,9.088389
9.400000,13.956666,6.332814,-0.557408,9.639746,0.289253,1.861743,-0.216675,9.453506
10.000000,13.643491,6.917689,0.185894,9.632257,0.235543,1.756789,0.043096,8.622718
12.720000,13.391305,6.966293,1.357672,9.626917,0.185341,1.679266,0.168791,8.791509
14.680000,13.190683,6.662212,2.647802,9.626549,0.132320,1.546880,0.107739,8.854955
17.680000,13.206302,5.647481,3.993656,9.628466,0.054005,1.654220,-0.284910,9.056067
17.400000,13.318012,5.231588,4.050933,9.630945,0.030517,1.613670,-0.208296,9.370906
17.280001,13.360570,4.997274,3.804285,9.640678,0.010636,1.555229,-0.064643,9.583989
15.760000,13.415514,4.801536,3.919714,9.648178,-0.018205,1.614862,-0.245406,9.209297
14.400000,13.466163,4.162002,4.281011,9.654549,-0.029655,1.629174,-0.435745,9.862914
11.720000,13.332514,2.735333,3.956931,9.677874,-0.059624,1.601743,-0.379481,9.182961
11.440000,13.273034,2.451876,3.050799,9.679620,-0.078792,1.623211,0.383072,9.502586
11.440000,13.274363,2.145244,2.306319,9.666106,-0.084878,1.638715,0.245406,9.678560
11.280000,13.250536,1.981586,1.922239,9.657845,-0.079794,1.715046,-0.363919,9.701305
11.280000,13.082128,2.099633,1.661447,9.649912,-0.075083,1.730550,-0.132878,9.516952
11.280000,12.932240,2.036637,1.663175,9.643982,-0.094127,1.624403,0.210690,9.297882
11.240000,12.731328,1.893839,1.941718,9.642765,-0.090243,1.747247,-0.472855,9.785102
10.680000,12.663343,1.671268,2.358376,9.639076,-0.084621,1.701926,0.184354,9.876082
10.760000,12.532734,1.408800,2.452607,9.638384,-0.054236,1.792569,0.318429,10.032902
11.520000,12.143576,1.289253,2.123631,9.661444,-0.116236,1.766330,-0.116119,9.282320
12.440000,11.921029,1.287882,1.750446,9.659160,-0.123495,1.531376,-0.046687,8.684967
13.520000,11.760104,1.287149,0.997634,9.659349,-0.201155,1.511101,-0.005986,8.623915
15.200000,11.688315,1.287127,-0.020875,9.661696,-0.231504,1.544495,0.049081,9.302670
16.280001,11.820999,1.288078,-0.662643,9.664183,-0.233771,1.545688,0.254982,10.356119
16.360001,12.080940,1.491216,-0.657755,9.667617,-0.138304,1.740092,-0.046687,11.240777
16.840000,12.230027,3.045571,-0.079850,9.677656,-0.034836,1.816422,0.156820,11.206061
18.040001,12.228374,3.711882,0.141858,9.684036,0.072438,1.680459,0.677559,10.764331
16.360001,11.924365,5.276189,0.408678,9.692013,0.087826,1.537339,0.529119,9.901221
14.880000,11.896021,6.077964,1.246057,9.696048,0.112840,1.496789,0.028730,9.008183
13.800000,12.100410,6.885050,2.528948,9.701959,0.116607,1.315504,0.527921,10.459070
12.800000,12.339179,7.613910,3.382101,9.708943,0.165047,1.526605,0.596156,10.736797
12.160000,12.094635,8.639086,3.894394,9.709535,0.249228,1.596972,0.158017,12.106281
11.560000,11.722946,9.005693,5.490307,9.712981,0.381997,1.396605,0.362722,10.765528
10.880000,11.764081,9.130385,7.474968,9.718415,0.403957,1.475321,0.092177,10.867282
10.720000,11.817091,9.193350,9.249949,9.720614,0.415483,1.562385,0.399832,10.941502
10.640000,11.856727,9.127050,9.768548,9.732913,0.586504,1.365596,0.341174,10.313024
10.920000,11.931963,8.559381,9.532268,9.737642,0.591973,1.445504,0.059855,9.856929
11.560000,12.041510,7.413277,9.689229,9.744365,0.604755,1.483670,0.016759,10.144233
13.880000,12.097489,5.754139,10.081397,9.750149,0.602682,1.513486,-0.454898,10.262746
16.879999,11.938828,3.428887,9.290231,9.748259,0.565593,1.066238,0.343568,9.405622
19.120001,12.284723,2.706697,8.267680,9.760909,0.626501,1.424037,-0.063446,11.737574
19.959999,12.663629,2.409203,7.572545,9.776674,0.718486,1.710275,0.131681,12.410344
19.959999,12.776367,2.211398,7.360075,9.799632,0.855835,1.606514,0.061052,11.705252
19.959999,12.873883,2.051884,7.111138,9.815696,0.914392,1.393027,-0.023942,11.024101
19.440001,12.970880,1.480818,6.332324,9.832856,0.983838,1.335780,-0.166397,9.527725
17.680000,13.106763,1.174467,5.655569,9.844694,0.973877,1.332202,-0.152032,10.004171
15.920000,13.149074,1.196684,5.456252,9.856329,0.941755,1.276147,-0.041899,9.375694
13.720000,13.133186,1.135814,5.292862,9.865747,0.917664,1.364403,-0.271742,10.099940
11.520000,13.042650,1.012869,4.706659,9.878489,0.916020,1.576697,-0.433351,9.255983
10.520000,13.034698,0.848144,3.950506,9.885983,0.872441,1.489633,0.108936,9.685743
10.440000,12.887259,0.848513,3.158952,9.896139,0.853931,1.583853,0.032322,9.544485
10.200000,12.621552,0.848464,2.131461,9.905959,0.827344,1.656605,-0.252588,9.445126
10.120000,12.660389,0.807650,1.395305,9.911442,0.771236,1.653027,0.153229,9.548077
12.160000,12.570876,0.746632,1.193413,9.929553,0.803495,1.701926,0.099359,11.326968
14.720000,12.358368,0.581644,1.233423,9.953399,0.891685,1.599358,0.055067,10.368091
16.160000,12.252798,0.498982,0.643563,9.965886,0.912508,1.575504,0.293290,10.330980
17.160000,12.226701,0.457804,0.200312,9.975638,0.914949,1.551651,0.154426,9.888053
19.080000,12.326514,0.458472,0.258329,9.986410,0.899462,1.508716,0.007183,9.374496
19.520000,12.432551,0.458978,0.245900,9.993363,0.880517,1.534954,0.132878,9.716867
18.799999,12.535526,0.313288,0.146003,10.000413,0.865132,1.537339,0.106542,9.903615
13.480000,12.738217,0.083754,0.324595,10.017547,0.889082,1.704312,-0.099359,10.183737
9.240000,12.747388,0.062873,0.564865,10.026343,0.905344,1.822385,-0.162806,10.963050
6.800000,12.389918,0.041897,0.440298,10.036032,0.945684,1.781835,0.356736,9.442732
3.360000,11.663334,0.020915,0.076744,10.047014,0.877408,1.657798,-0.244209,8.864532
0.080000,11.358337,-0.041778,0.401649,10.045377,0.828490,1.552844,-0.231040,9.103952
-0.000000,11.076001,-0.125204,0.688696,10.044811,0.786517,1.633945,-0.104148,8.802282
-0.000000,10.494899,-0.104131,0.283620,10.044401,0.739583,1.612477,0.149638,10.479421
-0.000000,9.548224,-0.020768,-0.644256,10.045790,0.730235,1.777064,-0.226252,9.223662
0.400000,8.442387,-0.020657,-0.940696,10.022638,0.708677,1.611284,0.098162,9.071630
2.080000,8.089710,-0.020581,-0.795423,9.994325,0.588528,1.605321,-0.111330,7.874529
3.240000,7.976506,-0.020522,-0.700138,9.968472,0.550257,1.864128,-0.229843,9.758766
4.240000,7.565756,-0.020461,-0.640958,9.948878,0.574524,1.687615,0.363919,10.752359
5.720000,7.276075,-0.020419,-0.365366,9.934670,0.606157,1.687615,0.228646,9.878476
7.560000,7.255575,-0.020386,-0.281234,9.919308,0.607879,1.641101,0.214281,10.184934
10.720000,7.134157,-0.081397,-0.643622,9.904030,0.610397,1.532569,0.393846,9.087193
11.240000,7.057949,-0.142165,-1.152704,9.886239,0.585655,1.381101,-0.074220,9.319430
11.760000,7.344683,-0.182636,-1.418118,9.872047,0.567055,1.598165,-0.149638,10.048465
12.480000,7.838982,-0.202938,-1.674669,9.861136,0.611373,1.684036,0.146046,10.494983
12.640000,8.367384,-0.203061,-1.787473,9.854175,0.650936,1.735321,0.094571,10.799047
12.680000,8.866763,-0.203200,-1.779754,9.847892,0.701695,1.684036,-0.142455,10.412383
11.360000,9.190524,-0.203319,-1.487884,9.844813,0.775720,1.805688,0.178368,10.152613
8.080000,9.461058,-0.203342,-1.137242,9.838294,0.787082,1.663761,0.276530,10.494983
6.240000,9.533817,-0.203288,-0.913300,9.833592,0.839800,1.704312,0.031125,9.749189
5.400000,9.250354,-0.203297,-0.794502,9.842096,0.769458,1.537339,0.459687,9.275137
4.840000,8.982943,-0.202974,-0.713118,9.833817,0.752669,1.338165,0.195127,8.702923
4.440000,8.707544,-0.202469,-0.587751,9.816691,0.627706,1.520642,0.076614,7.521385
4.360000,8.349390,-0.201940,-0.525263,9.800190,0.534454,1.294037,0.199916,8.055291
4.000000,8.221002,-0.201506,-0.479040,9.782335,0.465476,1.402569,-0.150835,8.603564
2.840000,8.112937,-0.201084,-0.300412,9.764478,0.387372,1.480092,-0.316035,8.572439
2.520000,7.913535,-0.200526,0.279692,9.742175,0.312812,1.400183,0.240617,8.358158
2.120000,7.600238,-0.200101,0.959653,9.728774,0.253272,1.409725,0.063446,7.740454
1.760000,7.263349,-0.199628,1.376044,9.713215,0.096688,1.430000,-0.111330,7.890092
0.640000,7.125659,-0.199221,1.389500,9.696361,0.007692,1.398991,0.167594,7.605182
-0.000000,6.943698,-0.039788,1.309112,9.686360,-0.073618,1.444312,0.064643,8.415619
-0.000000,6.523932,-0.019855,1.029551,9.675805,-0.176174,1.521835,-0.111330,8.473080
-0.000000,5.746188,-0.019788,0.419521,9.657336,-0.218053,1.523027,0.244209,8.534132
-0.000000,5.048872,-0.019751,0.052079,9.650338,-0.307742,1.459816,-0.275333,8.330625
0.080000,4.584886,-0.019722,0.043075,9.642828,-0.374159,1.384679,-0.417788,7.747637
1.560000,4.248893,-0.019689,0.475168,9.631020,-0.452501,1.320275,-0.123301,8.740033
3.920000,4.065015,-0.019674,1.234021,9.626062,-0.520286,1.342936,0.045490,8.656237
7.800000,4.044377,-0.019638,1.406410,9.608654,-0.498144,1.475321,-0.223858,9.613917
9.560000,4.251427,-0.019614,0.256936,9.594350,-0.499815,1.370367,-0.045490,9.427169
10.920000,4.484983,-0.019609,-0.908382,9.588941,-0.496272,1.309541,-0.442927,9.244013
10.840000,4.882599,-0.019612,-1.468028,9.584562,-0.502045,1.316697,-0.158017,9.702502
10.800000,5.881393,-0.039248,-1.735186,9.574915,-0.485329,1.383486,0.140061,9.996989
11.560000,6.294666,-0.117931,-1.642148,9.582784,-0.453020,1.382293,0.033519,9.927557
11.760000,6.635709,-0.216493,-1.152117,9.589000,-0.375143,1.255871,0.135272,10.966640
12.800000,6.989083,-0.236523,-0.520407,9.596084,-0.282885,1.378716,-0.354342,11.359290
12.920000,7.364558,-0.276305,-0.282551,9.600759,-0.185093,1.290458,-0.215478,11.147403
12.720000,7.633825,-0.395242,-0.402253,9.607558,-0.022401,1.341743,0.241814,11.206061
11.400000,7.960865,-0.693064,-0.574292,9.619666,0.067800,1.285688,0.047884,10.937910
11.320000,8.204566,-1.011481,-0.642917,9.629496,0.180627,1.205780,-0.385466,10.645818
12.680000,8.400910,-1.528925,-0.751156,9.637237,0.220784,1.184312,-0.079009,9.798270
12.800000,8.538979,-2.067374,-0.692923,9.646555,0.244863,1.222477,0.367510,9.683349
12.280000,8.754006,-2.349714,-0.734884,9.658878,0.256609,1.102018,0.344765,9.057265
10.840000,9.048224,-2.512661,-1.233054,9.665910,0.219683,1.020917,0.147243,9.047688
10.160000,9.358316,-2.616511,-1.925846,9.673273,0.204842,1.043578,-0.462081,8.683769
9.240000,9.810007,-2.681823,-2.508530,9.680205,0.165049,1.248715,0.096965,10.104729
8.440000,10.083354,-2.706770,-2.319296,9.689902,0.186921,1.350092,0.684742,9.611523
7.760000,10.309997,-2.732070,-2.063460,9.701789,0.206078,1.437156,0.454898,10.301053
6.080000,10.409678,-2.455450,-2.104357,9.715580,0.243504,1.449082,0.265756,9.747993
4.720000,10.387041,-1.732504,-2.286940,9.722348,0.257254,1.443119,0.532710,9.872491
4.520000,10.287003,-1.512026,-2.208615,9.731956,0.285332,1.443119,0.508768,10.150218
4.800000,9.747309,-1.412287,-1.998479,9.755214,0.328574,1.389449,0.829591,9.524135
5.840000,8.996167,-1.635396,-1.669441,9.784064,0.316759,1.354862,0.585382,9.372103
6.880000,8.382499,-2.423002,-1.326650,9.804060,0.253382,1.327431,-0.175974,7.982268
7.720000,7.747088,-3.560019,-1.311979,9.788033,-0.064187,0.982752,-0.644040,7.886500
7.880000,7.911751,-4.450731,-2.170359,9.803905,-0.112125,0.769266,-1.331176,8.795100
8.280000,8.061970,-5.223544,-2.932185,9.821925,-0.180080,1.047156,-0.876278,8.416816
8.440000,8.077179,-6.216590,-3.424701,9.840556,-0.208463,0.963670,-0.110133,9.342175
8.520000,8.278876,-7.015207,-3.988165,9.862303,-0.226053,1.047156,-0.204704,9.369708
8.480000,8.448035,-7.674595,-4.300412,9.883836,-0.224722,1.183119,-0.029928,10.068815
8.480000,8.658862,-8.121916,-4.858659,9.912467,-0.184594,1.248715,-0.038307,10.536881
8.480000,8.836032,-8.323318,-5.508359,9.933386,-0.171182,1.167615,0.325611,10.869676
8.080000,8.969321,-8.391846,-6.398339,9.963973,-0.029312,1.271376,-0.181959,10.748769
6.400000,9.050042,-6.912362,-7.012055,9.984113,0.006458,1.290458,0.008380,9.998186
7.320000,9.083442,-5.682073,-7.303890,10.004216,0.021961,1.220092,0.572214,10.079589
9.120000,8.915023,-5.083293,-7.542038,10.039500,0.054674,1.201009,0.440533,10.256760
10.760000,8.755851,-4.452560,-7.424649,10.059927,0.078997,1.316697,0.295684,10.196905
11.800000,8.785322,-3.759810,-6.924352,10.083817,0.151048,1.300000,0.628478,10.779893
13.480000,8.938849,-2.817395,-6.493815,10.120367,0.213005,1.261835,0.293290,10.933122
14.360000,9.226726,-1.381515,-6.138037,10.136291,0.267652,1.283303,0.375890,10.815806
14.840000,9.536891,-0.628264,-5.717052,10.130551,0.324559,1.217706,0.416591,11.026496
14.920000,9.908257,-0.355807,-4.409407,10.113078,0.421744,1.265413,0.373495,10.368091
14.120000,10.354948,0.000000,-1.623088,10.189893,0.496419,1.315504,0.378284,10.005369
13.720000,10.553380,-0.084355,-0.249843,10.169027,0.529944,1.175963,0.590171,10.419566
13.320000,10.781650,-0.189587,0.278428,10.150144,0.562443,1.272569,0.353145,10.405201
13.840000,11.006210,-0.273591,0.274821,10.133020,0.570682,1.404954,0.258574,10.075998
16.160000,11.317688,-0.399888,0.420549,10.122830,0.634049,1.344128,0.726640,10.281899
18.360001,11.603916,-0.736381,0.624750,10.109487,0.636049,1.387064,0.183156,9.612720
18.000000,12.089051,-0.841917,0.750585,10.095785,0.634620,1.455046,0.120907,9.958682
16.760000,12.511213,-0.842556,0.866687,10.087223,0.655359,1.413303,0.386664,10.389638
15.440000,12.880371,-0.822263,0.808767,10.082010,0.698829,1.699541,-0.073023,10.945093
11.360000,13.050671,-0.801613,0.407841,10.080536,0.792852,1.718624,0.032322,10.969035
9.640000,13.204618,-0.590902,-0.219833,10.078018,0.828469,1.729358,0.221464,10.155006
7.680000,13.064466,-0.464164,-0.602718,10.081109,0.870648,1.792569,0.123301,10.821792
7.400000,12.621166,-0.421286,-0.614271,10.082557,0.919537,1.726972,0.029928,10.055647
7.080000,12.079552,-0.378407,-0.875578,10.083420,0.940820,1.712660,0.069432,9.654618
8.160000,11.566351,-0.377683,-1.137956,10.083004,0.932625,1.538532,0.014365,9.091981
9.040000,11.219600,-0.356242,-1.125008,10.082317,0.922953,1.508716,-0.177171,8.965088
10.880000,11.077809,-0.271968,-0.937192,10.070435,0.909666,1.577890,-0.183156,8.503007
11.000000,10.988476,-0.020795,-0.561312,10.012766,0.777789,1.488440,0.232238,9.396045
10.680000,10.858118,-0.020671,-0.241088,9.957435,0.708579,1.381101,-0.125696,9.117120
10.640000,10.847495,-0.041158,-0.181126,9.913572,0.675336,1.468165,-0.232238,9.109938
10.680000,11.051328,-0.144218,-0.983499,9.918180,0.756705,1.622018,0.282516,10.776301
7.720000,11.254010,-0.246716,-2.200409,9.890650,0.830901,1.747247,0.304064,12.075156
4.080000,11.447349,-0.246527,-3.247345,9.876395,0.959952,2.164679,-0.098162,12.228385
1.840000,11.233887,-0.246132,-3.176346,9.867935,1.151506,1.969082,0.052672,12.028469
1.600000,10.504202,-0.244989,-2.745879,9.846166,1.212383,1.719816,-0.071826,10.638636
1.280000,9.293212,-0.243483,-2.199146,9.821781,1.223343,1.679266,-0.117316,9.266758
1.280000,7.700678,-0.241636,-1.719666,9.787870,1.187981,1.630367,0.391452,8.030152
0.320000,6.486910,-0.180002,-1.642776,9.747345,1.044164,1.398991,-0.134075,7.281964
0.520000,5.947675,-0.139321,-1.380957,9.709857,0.891557,1.201009,-0.222661,5.997475
0.560000,6.015831,-0.118930,-0.945093,9.669038,0.636491,1.470550,0.040701,8.148665
1.640000,5.759266,-0.118620,-0.607912,9.648279,0.616317,1.524220,0.035913,7.793127
3.440000,5.245955,-0.137888,-0.304664,9.621585,0.438510,1.366789,-0.100556,7.381324
3.560000,4.784301,-0.196255,0.000959,9.592829,0.180851,1.379908,0.122104,6.864176
4.600000,4.594306,-0.665981,0.368428,9.577317,0.157116,1.319082,0.283713,7.133524
6.080000,4.703191,-1.173758,0.960903,9.564496,-0.161558,1.358440,-0.125696,7.715315
7.120000,4.876185,-1.539640,1.682874,9.527104,-0.245641,1.314312,-0.035913,8.112753
7.960000,5.215864,-1.687800,1.967959,9.479039,-0.320908,1.259449,0.275333,9.306262
9.120000,5.650500,-1.796368,1.968995,9.431450,-0.325728,1.623211,-0.386664,9.461885
11.200000,6.089015,-1.863600,1.872481,9.373807,-0.328692,1.562385,-0.596156,9.902418
11.960000,6.557072,-1.895169,1.295636,9.331682,-0.329959,1.317890,-0.089783,10.219650
12.000000,7.043511,-1.888321,0.246268,9.288529,-0.284771,1.428807,-0.112527,9.708488
13.680000,8.097085,-1.878927,-1.965039,9.219728,-0.282448,1.393027,-0.014365,9.508572
13.680000,8.594419,-1.883390,-1.967433,9.229885,-0.399369,1.298807,-0.290895,8.528147
13.560000,9.013844,-1.879157,-1.748719,9.198690,-0.397629,1.174770,-0.051475,9.643845
13.640000,9.471563,-1.875801,-1.978487,9.170322,-0.412242,1.236789,0.051475,10.320207
13.440000,9.825357,-1.872184,-2.393033,9.143023,-0.400781,1.335780,0.143652,10.915166
12.040000,10.183596,-1.642577,-2.834033,9.117341,-0.379724,1.441926,-0.280122,11.374852
10.440000,10.542740,-0.734925,-2.959558,9.087554,-0.222292,1.545688,-0.031125,11.821371
9.640000,10.711033,-0.526695,-2.958059,9.066072,-0.183983,1.424037,0.290895,12.076353
9.600000,10.541519,-0.449976,-3.176611,9.041364,0.165623,1.533761,0.014365,11.846510
10.560000,10.412970,-0.449067,-3.291477,9.026849,0.264555,1.626789,0.225055,11.042058
10.720000,10.238334,-0.037340,-2.996567,9.011746,0.335083,1.446697,0.203507,10.961852
10.760000,10.211497,1.024824,-2.455912,8.995756,0.348275,1.464587,0.032322,10.324995
11.280000,10.207466,1.820495,-1.820910,8.970565,0.356779,1.549266,0.228646,10.429143
11.000000,10.287146,2.761540,-0.973057,8.951639,0.484935,1.367981,0.628478,10.524911
11.040000,10.447584,2.794737,-0.284069,8.934851,0.496712,1.373945,0.269348,10.510546
11.200000,10.627098,2.144452,0.149355,8.916341,0.505289,1.514679,0.117316,10.733206
11.160000,10.835865,1.164969,0.538054,8.909622,0.633256,1.450275,0.530316,11.054029
10.960000,11.075678,0.018497,0.992696,8.904018,0.742922,1.571926,0.262165,10.752359
10.560000,11.274719,-0.018485,1.496711,8.891879,0.744539,1.502752,0.055067,10.527305
10.280000,11.556882,-0.055418,1.917237,8.877110,0.850284,1.483670,-0.071826,10.295067
10.120000,11.548284,0.036723,1.822273,8.824115,0.854222,1.499174,0.017957,9.795877
9.800000,11.524092,0.055051,1.576540,8.819368,0.856381,1.270183,0.166397,10.180145
9.680000,11.513664,0.513375,1.258146,8.812494,0.840439,1.435963,-0.222661,9.745598
10.320000,11.365727,1.098524,0.957349,8.805396,0.836485,1.394220,-0.270545,9.635465
9.920000,11.189189,1.864780,0.808320,8.800052,0.791296,1.320275,0.227449,9.339781
8.920000,11.159956,2.485019,1.199134,8.798557,0.768414,1.342936,0.156820,9.467871
8.680000,11.195940,2.558143,1.744363,8.797915,0.752428,1.393027,-0.099359,9.402030
8.720000,11.233754,2.502579,2.432211,8.793890,0.692851,1.401376,0.196325,9.406818
8.640000,11.108498,1.807780,2.961727,8.791833,0.656883,1.332202,0.322020,9.731233
7.960000,10.978079,0.747124,2.970800,8.775084,0.637484,1.383486,-0.110133,9.605537
7.680000,10.834360,0.181494,2.464549,8.743645,0.599532,1.546880,-0.588974,9.548077
7.800000,10.656926,0.036165,2.022925,8.716457,0.580020,1.308349,0.025139,9.895236
8.120000,10.548643,0.000000,1.743793,8.687790,0.570258,1.486055,-0.296881,9.951499
8.120000,10.192274,-0.035879,1.317359,8.660381,0.583912,1.569541,-0.379481,9.816227
7.880000,9.962062,-0.107321,0.791923,8.641247,0.565187,1.437156,0.128090,9.702502
7.400000,9.732059,-0.035674,0.226914,8.623099,0.544319,1.373945,0.113725,9.210494
7.040000,9.515344,0.000000,-0.003877,8.606521,0.511360,1.466972,-0.378284,9.117120
7.840000,9.262696,1.046853,0.240361,8.590546,0.467246,1.416880,-0.082600,8.614338
9.000000,8.987077,1.627474,0.656354,8.572699,0.358997,1.272569,0.335188,8.763975
10.400000,8.794207,2.012499,1.021978,8.560764,0.297595,1.255871,0.192733,8.157045
11.640000,8.728906,2.378950,1.388933,8.548316,0.220717,1.296422,-0.201113,8.433576
13.000000,8.911333,2.675506,1.876338,8.535776,0.081941,1.184312,0.274136,8.295909
13.560000,9.231816,2.815709,2.172710,8.526968,0.043198,1.217706,0.281319,8.883685
13.800000,9.713845,2.851383,1.638710,8.516607,-0.029130,1.255871,0.067038,9.483433
14.240000,10.436468,2.654166,0.762358,8.485081,-0.035741,1.422844,0.083797,9.628283
14.080000,10.882619,2.199202,1.049262,8.478639,-0.039403,1.421651,0.057461,9.803059
13.200000,11.332073,1.954558,1.496553,8.471941,-0.034482,1.546880,0.073023,9.768343
12.120000,11.700844,1.620626,1.759364,8.463112,-0.030113,1.530183,0.164003,10.244789
11.760000,11.930992,1.336770,1.678876,8.442596,0.005739,1.580275,-0.365116,9.828198
9.800000,12.088613,0.790083,1.442681,8.421474,0.010680,1.604128,-0.258574,9.683349
8.280000,12.143606,0.366868,1.149683,8.377348,0.023722,1.623211,-0.203507,9.999383
8.280000,11.962248,0.365893,1.123656,8.360735,0.026888,1.736514,-0.622492,9.569624
7.760000,11.603030,-0.017369,1.138102,8.345169,0.028832,1.650642,0.023942,9.382876
7.720000,11.178357,-0.034623,1.191577,8.330144,0.015815,1.583853,-0.144849,9.416395
7.800000,10.751334,-0.017261,1.174757,8.317671,-0.011896,1.643486,-0.426168,8.856153
7.880000,10.384192,0.258228,0.984111,8.305821,-0.014445,1.527798,-0.389058,8.461109
9.640000,10.328110,0.893884,0.879270,8.295792,-0.031171,1.542110,0.217872,9.148245
11.920000,10.119401,0.909424,0.862598,8.286227,-0.160911,1.672110,0.056264,8.632295
15.040000,10.024629,0.000000,1.018514,8.273551,-0.265957,1.499174,0.318429,8.854955
15.040000,10.239875,0.000000,0.545739,8.266267,-0.269291,1.709082,-0.096965,9.159019
16.719999,10.411038,-0.068489,0.267430,8.260213,-0.298214,1.754403,-0.393846,9.405622
18.360001,10.562370,-0.188297,-0.106193,8.254104,-0.299445,1.750825,0.065841,9.072827
19.559999,10.681114,-0.205361,-0.645483,8.248749,-0.297254,1.706697,0.168791,9.659407
19.840000,10.833246,-0.205287,-1.300457,8.241596,-0.290756,1.771101,-0.092177,9.864111
19.959999,10.953828,-0.239362,-1.641798,8.233488,-0.259902,1.837890,0.125696,10.358514
19.959999,10.966692,-0.238708,-1.604769,8.210623,-0.237755,1.779449,0.056264,10.283096
19.959999,10.917945,-0.221003,-1.562746,8.187720,-0.160509,1.852202,0.146046,10.212467
19.760000,10.849683,-0.237386,-1.799892,8.168371,-0.103253,1.767523,0.143652,9.812635
17.520000,10.780841,-0.236807,-1.798573,8.150302,-0.066216,1.754403,0.181959,10.180145
15.240000,10.690241,-0.236148,-1.637264,8.130060,-0.022921,1.754403,-0.124498,9.882068
12.520000,10.527776,-0.235566,-1.685797,8.114328,0.010745,1.786605,-0.101754,9.469068
12.400000,10.315849,-0.235033,-1.811868,8.101504,0.023404,1.721009,0.339977,9.130288
11.080000,10.020264,-0.234490,-1.965625,8.090251,-0.010072,1.775871,0.254982,9.030929
11.920000,9.734693,-0.233986,-1.939008,8.079874,-0.005443,1.722202,-0.029928,8.831013
12.080000,9.482227,-0.233561,-1.957097,8.071214,-0.057981,1.861743,-0.179565,8.698134
14.480000,9.317238,-0.233240,-1.846184,8.063980,-0.129327,1.701926,0.329203,8.696938
17.719999,9.288151,-0.232754,-1.537089,8.047840,-0.163971,1.661376,-0.190339,9.196129
19.959999,9.387660,-0.232595,-1.560351,8.040049,-0.176926,1.775871,0.140061,9.575610
19.959999,9.466184,-0.232408,-1.772130,8.031740,-0.150762,1.741284,0.343568,9.980229
19.959999,9.651395,-0.232307,-2.117629,8.023876,-0.119546,1.736514,0.112527,10.358514
19.959999,9.749986,-0.248709,-2.296262,8.015352,-0.049470,1.775871,-0.057461,10.133459
19.959999,9.843894,-0.265134,-2.405243,8.008412,-0.032860,1.748440,0.368707,10.289082
19.959999,9.836849,-0.264832,-2.282902,7.999465,0.031064,1.740092,0.205901,10.193314
19.959999,9.741950,-0.347496,-2.158692,7.999577,0.059286,1.830734,-0.203507,9.940725
19.959999,9.624041,-0.412633,-2.229644,7.982062,0.153922,1.705504,0.143652,10.228029
19.959999,9.492968,-0.461024,-2.263124,7.965726,0.198287,1.658991,0.010774,9.773131
19.959999,9.381869,-0.509275,-2.023817,7.950462,0.215769,1.644679,0.150835,9.852140
19.879999,9.329525,-0.541122,-1.629350,7.936886,0.226636,1.730550,0.296881,9.724051
19.799999,9.323129,-0.622191,-1.090645,7.925401,0.283607,1.780642,0.733823,10.742783
19.440001,9.445693,-0.654212,-1.205865,7.913846,0.354350,1.811651,0.244209,10.684125
18.959999,9.509425,-0.670185,-1.556622,7.907888,0.449288,1.882018,-0.130484,10.709264
18.400000,9.497515,-0.669580,-1.716482,7.901018,0.494426,1.721009,0.417788,10.450690
18.000000,9.464898,-0.668711,-1.664948,7.891513,0.512291,1.781835,0.396240,10.617087
18.000000,9.382649,-0.668316,-1.559613,7.888737,0.593138,1.710275,0.143652,10.420763
15.960000,9.306150,-0.619061,-1.590493,7.885911,0.650917,1.773486,-0.027533,10.386047
15.960000,9.167754,-0.618517,-1.606840,7.882081,0.689831,1.526605,0.472855,10.320207
15.960000,9.106061,-0.617747,-1.511816,7.873631,0.697456,1.545688,0.147243,10.408792
15.960000,8.941315,-0.617482,-1.231118,7.873848,0.770792,1.409725,-0.081403,10.065224
15.520000,8.725610,-0.437710,-0.661028,7.859848,0.759965,1.204587,0.402226,9.613917
15.520000,8.691491,-0.437338,-0.453225,7.853890,0.753471,1.243945,0.034716,9.907207
15.520000,8.711535,-0.437082,-0.275064,7.848871,0.747699,1.253486,-0.184354,10.095152
15.520000,8.878088,-0.436564,-0.426762,7.836045,0.771587,1.284495,0.171185,10.160992
15.520000,8.937299,-0.435895,-0.431131,7.822773,0.767232,1.260642,0.131681,10.828975
15.520000,8.984775,-0.435550,0.048857,7.815561,0.814497,1.381101,-0.193930,9.572019
15.520000,9.006918,-0.434941,0.517099,7.804143,0.795364,1.228440,0.089783,9.390059
12.480000,9.193150,-0.547379,1.016962,7.795551,0.779146,1.266605,0.551863,9.725247
12.480000,9.190442,-0.546689,1.135591,7.785786,0.749507,1.389449,0.268151,10.715250
6.080000,9.167438,-0.529735,0.433186,7.773445,0.898175,1.294037,0.107739,10.357317
7.040000,9.079273,-0.529121,-0.371486,7.766340,0.875148,1.166422,0.482432,9.294291
7.040000,8.830635,-0.528253,-1.285106,7.758914,0.844079,1.381101,0.335188,10.477027
9.640000,8.530444,-0.447622,-1.696361,7.754796,0.852035,1.585046,-0.098162,10.132261
9.640000,8.449507,-0.447532,-1.666962,7.754864,0.873577,1.379908,0.507571,10.858902
14.480000,8.652330,-0.383800,-1.378520,7.754769,0.902510,1.500367,0.223858,10.899603
17.400000,9.059443,-0.351889,-0.770263,7.747760,0.893188,1.352477,0.276530,10.522516
17.400000,9.247972,-0.352902,-0.453462,7.765945,1.048772,1.379908,0.523133,10.412383
19.959999,9.436266,-0.481363,-0.063486,7.763978,1.033520,1.315504,0.238223,10.443508
19.440001,9.660554,-0.481880,0.324526,7.767197,1.071080,1.428807,0.185551,10.240001
17.280001,9.943611,-0.417888,0.532300,7.765326,1.053801,1.294037,0.517148,10.116699
17.280001,10.392665,-0.418192,0.734886,7.760060,1.035088,1.419266,0.235829,10.287885
14.520000,10.686152,-0.016103,0.989954,7.761416,1.077199,1.492018,-0.076614,10.104729
10.920000,10.990301,0.435114,0.978034,7.759743,1.083963,1.466972,-0.004788,10.257957
10.920000,11.141023,0.434981,0.943179,7.753386,1.067759,1.490825,0.293290,10.876859
10.920000,11.136824,0.435075,1.120572,7.755177,1.126291,1.588624,0.071826,10.384850
10.920000,11.065061,0.435146,1.579934,7.758338,1.150150,1.633945,-0.095768,10.166978
10.920000,11.060949,0.434974,1.653681,7.755387,1.134218,1.388257,0.354342,10.143036
10.920000,11.178120,0.434757,1.123073,7.748401,1.124524,1.501559,-0.105345,10.595540
10.920000,11.263081,0.435332,1.081398,7.756366,1.168160,1.591009,-0.420182,10.590752
8.040000,11.204770,4.121091,1.283247,7.758954,1.170194,1.630367,-0.124498,10.666168
5.680000,10.880347,3.283515,2.531061,7.761498,1.221903,1.596972,0.061052,9.552865
5.680000,10.674636,3.280353,3.702419,7.759308,1.184961,1.565963,0.282516,9.404425
5.680000,10.487846,3.276035,4.392338,7.753793,1.119923,1.505137,0.308852,9.170990
6.720000,10.317973,0.337175,4.750082,7.748189,1.050671,1.418073,0.262165,9.843760
6.800000,10.284297,0.048158,5.079847,7.747337,1.010742,1.561193,0.064643,9.939528
6.800000,10.085771,0.048157,4.900116,7.751959,1.003468,1.560000,-0.477643,10.342952
6.440000,9.889977,-0.016065,4.123009,7.762772,0.992475,1.424037,-0.100556,10.415975
5.600000,9.788383,-0.080355,3.486282,7.768116,0.988575,1.458624,-0.525527,9.923966
5.600000,9.562876,-0.080345,2.973183,7.772328,0.973102,1.524220,-0.713472,10.259154
5.600000,9.187007,-0.080293,2.600210,7.775667,0.959469,1.313119,-0.117316,9.276335
5.600000,8.959694,-0.080145,2.662591,7.766272,0.916704,1.239174,0.059855,9.449914
5.600000,8.797367,-0.079972,2.624917,7.752975,0.845667,1.255871,-0.049081,9.114726
2.160000,8.584542,-0.207626,1.865850,7.746175,0.793671,1.333394,-0.365116,9.399636
-0.040000,8.434009,-0.159488,1.083260,7.738315,0.754191,1.296422,0.169988,9.302670
-0.040000,8.194830,-0.111483,0.602000,7.732035,0.737006,1.419266,-0.014365,10.248381
-0.000000,7.550592,-0.031792,0.388865,7.729358,0.731044,1.488440,-0.316035,9.429564
0.160000,6.701065,-0.031717,0.649844,7.725373,0.683377,1.554036,-0.135272,8.226477
3.160000,6.027673,-0.031618,1.363763,7.711330,0.531128,1.047156,0.483629,7.195773
4.480000,6.097252,-0.031572,1.274124,7.699181,0.383393,1.227248,0.270545,8.538920
5.120000,6.044389,0.000000,1.012148,7.694754,0.321954,1.492018,-0.025139,8.419210
4.800000,5.868751,1.150309,1.279426,7.689652,0.225545,1.294037,0.432153,8.651448
4.800000,5.885697,1.149833,1.600910,7.686235,0.171739,1.276147,0.354342,8.899248
5.240000,6.068256,3.351668,1.481604,7.683797,0.134703,1.385871,0.089783,9.186552
5.400000,6.116052,4.934039,1.065730,7.682601,0.099848,1.532569,-0.322020,9.375694
5.400000,6.129766,4.968974,1.902486,7.737072,0.070377,1.478899,-0.177171,9.606734
6.920000,6.311874,7.022678,4.876893,7.732566,-0.006645,1.308349,-0.132878,8.123527
6.880000,6.439600,7.069818,6.096941,7.730942,-0.079905,1.245137,0.186748,7.693767
6.880000,6.600462,7.141733,6.475290,7.738797,-0.177220,1.359633,0.061052,7.815871
7.040000,6.812143,7.153862,6.448095,7.748711,-0.321373,1.437156,-0.100556,8.657434
7.360000,6.997439,7.177773,6.484428,7.754681,-0.340831,1.425229,-0.104148,9.277532
7.360000,7.101699,7.192324,6.893666,7.768819,-0.363924,1.537339,-0.403423,9.527725
6.600000,7.112623,7.203257,8.328987,7.780569,-0.344731,1.239174,-0.043096,9.788693
1.520000,6.979469,0.911003,7.456778,7.781982,-0.301300,1.218899,-0.102951,10.763134
0.080000,6.854603,-0.351996,5.719302,7.791905,-0.252362,1.505137,-0.490811,10.205285
0.840000,6.345105,-2.237475,4.325076,7.795095,-0.195718,1.512293,-0.767342,11.537658
3.440000,5.394858,-4.652132,3.279110,7.797153,-0.072682,1.444312,-1.230620,10.242394
3.640000,4.627874,-6.191330,2.624862,7.811782,-0.060675,1.147339,-0.741005,9.052477
3.680000,4.539463,-6.742804,3.054080,7.811972,-0.077457,1.165229,-0.332794,9.785102
3.680000,4.518945,-6.742198,2.444857,7.811485,-0.025220,1.003027,-0.421380,10.369287
4.000000,4.367994,-7.360403,0.366793,7.817981,0.018957,0.919541,-0.530316,10.128671
4.360000,4.071093,-7.419380,-1.393688,7.816810,0.064737,1.059082,-0.793678,9.828198
4.360000,3.889303,-7.478539,-2.428720,7.814652,0.096640,0.832477,-0.612916,10.159795
4.480000,3.917303,-7.510828,-3.508819,7.815334,0.112324,0.790734,-0.875081,9.844957
4.720000,4.003445,-7.540563,-4.533528,7.812783,0.134109,1.004220,-0.539892,9.543288
4.680000,3.982056,-7.534812,-5.167351,7.806959,0.132963,0.878991,0.319626,9.501390
4.960000,4.040084,-7.485681,-4.718094,7.738624,0.039350,0.907615,0.714669,9.252393
4.880000,4.097270,-7.509411,-4.777544,7.746614,0.018268,0.863486,0.798466,9.333796
4.400000,4.271098,-7.541030,-4.909366,7.761612,0.022042,0.888532,0.580594,9.476251
4.480000,4.564466,-7.534260,-4.773031,7.767747,-0.002526,1.022110,0.482432,9.303867
4.480000,4.652417,-7.550257,-4.588616,7.783469,-0.008348,0.816972,0.732626,9.421184
5.280000,4.546906,-7.561510,-4.601277,7.796359,-0.009356,0.689358,0.338780,8.790312
6.320000,4.746249,-7.573040,-4.612330,7.806180,-0.045187,0.784771,0.366313,8.963891
7.080000,5.014603,-7.588970,-4.387812,7.819666,-0.098294,0.689358,0.776918,9.254786
7.080000,5.356628,-7.613204,-4.895195,7.840683,-0.081454,0.704862,0.137667,10.189722
7.080000,5.309054,-7.617706,-5.229089,7.845983,-0.060006,0.644037,0.038307,10.265140
7.080000,5.479304,-7.634043,-5.087452,7.860804,-0.048790,0.421009,0.126893,9.470264
7.040000,5.862692,-7.651024,-4.853326,7.873265,-0.007845,0.506881,0.317232,10.308235
7.080000,6.099265,-7.652545,-4.899894,7.871444,0.071217,0.601101,0.305261,11.919533
7.040000,6.034186,-7.666719,-4.765631,7.887151,0.247470,0.816972,0.000000,12.143391
7.240000,6.102684,-7.682847,-4.670960,7.902939,0.342115,0.672660,0.316035,10.928333
7.360000,6.434998,-7.693583,-5.650452,7.909075,0.431002,0.595138,0.374693,12.449849
7.520000,6.806519,-7.719967,-6.990047,7.930558,0.591274,0.910000,-0.199916,11.459846
8.240000,6.876507,-7.735772,-7.188678,7.945827,0.706154,0.851560,0.493206,11.971008
9.840000,6.630302,-7.727764,-7.200755,7.941541,0.778226,0.762110,0.669179,9.102755
10.560000,6.757873,-7.729871,-7.256407,7.941657,0.683397,0.300550,0.496797,8.214506
15.000000,7.361351,-7.744720,-6.648647,7.946727,0.620140,0.442477,0.322020,8.955511
15.680000,7.900174,-7.686019,-6.582699,7.942439,0.610029,0.555780,0.383072,10.376471
15.680000,8.663563,-7.619360,-7.084414,7.958432,0.682578,0.843211,0.622492,11.678916
15.880000,9.485294,-7.541809,-7.424924,7.978045,0.821688,1.102018,0.427365,13.504495
15.880000,10.696300,-6.869770,-7.088003,7.902691,1.493801,1.211743,0.270545,13.417107
16.040001,11.008764,-6.180231,-6.887802,7.944718,1.618705,1.161651,0.774524,12.325351
16.000000,11.157845,-5.683952,-6.286589,7.954458,1.639132,0.969633,1.079785,12.605472
14.680000,11.017049,-5.012352,-5.572815,8.037952,1.917320,0.970826,0.496797,11.957840
12.360000,11.091589,-3.525833,-5.296203,8.053377,1.922899,0.799083,-0.269348,10.606314
11.400000,11.384433,-3.121282,-5.353770,8.077166,1.918502,0.795505,-0.028730,10.375273
10.560000,11.385006,-1.789385,-5.119264,8.119838,2.003235,0.873027,0.313640,10.201694
9.400000,11.118307,-1.419105,-4.709290,8.132694,1.963274,0.864679,0.557849,9.273940
9.200000,10.903796,-0.963776,-4.075366,8.144588,1.918621,0.878991,0.074220,9.709685
9.560000,10.955638,-0.763291,-3.000662,8.168725,1.922697,0.961284,0.232238,11.373655
10.040000,10.949440,-0.800307,-2.094899,8.200623,1.961842,1.133027,0.478840,10.959458
10.640000,10.754208,-1.178218,-2.306422,8.229650,2.001265,1.236789,-0.002394,10.915166
11.720000,10.558051,-1.612390,-2.561991,8.273329,2.060361,1.122293,-0.149638,10.607511
12.520000,10.568299,-1.898319,-2.045241,8.249241,2.062358,1.076972,0.028730,10.202890
12.560000,10.547086,-2.114763,-1.519326,8.227655,2.056211,1.210550,-0.074220,9.618706
12.000000,10.597510,-2.157878,-1.577971,8.195890,2.004851,0.944587,0.120907,9.242816
11.880000,10.733338,-2.032279,-1.881903,8.165033,1.941277,0.875413,-0.038307,8.464700
12.960000,10.613204,-1.859902,-1.983832,8.080996,1.664741,0.895688,0.090980,8.341399
12.960000,10.006198,-1.847402,-1.649504,8.042130,1.535712,0.908807,0.095768,7.790732
12.960000,9.434016,-1.835121,-1.386029,8.002310,1.388244,0.686972,0.307655,6.533776
12.960000,9.704952,-1.822308,-1.541545,7.940068,1.075784,0.671468,0.077812,7.207744
12.960000,10.211299,-1.820148,-1.797042,7.918355,0.976478,0.949358,-0.119710,9.344569
12.960000,10.519510,-1.819222,-1.906039,7.906539,0.948971,1.177156,0.014365,10.760739
14.760000,10.614264,-1.409732,-2.227927,7.904412,1.008013,1.263027,-0.104148,10.564415
14.760000,11.062079,-1.410106,-3.020162,7.894686,0.996849,1.251101,-0.262165,11.195287
14.760000,11.311671,-1.411313,-3.454374,7.894644,1.062732,1.364403,-0.104148,10.919954
14.760000,11.499261,-1.414402,-3.530716,7.906704,1.195071,1.528991,-0.274136,12.355278
14.760000,11.549730,-1.415712,-3.710502,7.912607,1.283355,1.725780,-0.087388,11.656171
14.760000,11.525921,-1.416712,-4.102240,7.918871,1.360788,1.658991,-0.059855,11.633426
14.760000,11.574802,-1.418737,-4.531722,7.928814,1.461040,1.653027,-0.274136,9.842564
14.760000,11.590213,-1.417924,-5.287114,7.923834,1.467128,1.700734,0.008380,10.132261
14.760000,11.718156,-1.410554,-6.520319,7.878996,1.439952,1.724587,0.192733,9.664195
14.760000,11.707847,-1.399191,-7.325624,7.815794,1.430813,1.687615,0.028730,9.348161
14.760000,11.735494,-1.387362,-7.850184,7.748914,1.392160,1.624403,0.110133,9.369708
14.760000,11.725081,-1.374724,-8.136226,7.678590,1.337113,1.748440,0.123301,9.053674
14.760000,11.668821,-1.363451,-8.330207,7.617149,1.272233,1.655413,0.232238,8.294712
14.760000,11.640779,-1.349427,-8.313264,7.539536,1.163442,1.594587,0.220267,7.323863
14.760000,11.568074,-1.329764,-6.281198,7.431571,0.842099,1.391835,-0.456095,8.834604
14.760000,11.914213,-1.324282,-4.970024,7.391636,0.807893,1.575504,-0.058658,10.359711
14.760000,12.255977,-1.320158,-4.153219,7.359202,0.831531,1.828348,0.153229,11.281479
14.760000,12.459517,-1.317293,-4.332129,7.337512,0.916499,1.773486,0.159214,11.150994
14.760000,12.448931,-1.312840,-4.851546,7.312999,0.975777,1.858165,0.572214,11.131841
14.760000,12.373252,-1.308438,-5.499118,7.290591,1.026128,1.907064,0.177171,11.178528
14.760000,12.255635,-1.303683,-6.072227,7.267343,1.113193,1.848624,0.011971,9.868899
14.760000,12.228307,-1.298499,-5.767938,7.239182,1.101582,1.713853,0.699107,9.423578
4.080000,12.115628,4.423801,-5.030739,7.205995,1.043598,1.744862,0.482432,8.813056
3.280000,12.016285,4.697764,-4.257901,7.170881,0.973236,1.771101,0.193930,8.366538
3.280000,11.628663,4.672860,-3.210435,7.142804,0.906524,1.506330,0.502782,8.394072
3.280000,10.565763,4.634078,-0.912187,7.109085,0.825801,1.451468,0.482432,6.145916
3.280000,9.487716,4.584868,1.647095,7.056704,0.505022,1.383486,0.592565,5.613206
3.280000,8.639161,4.547076,3.819645,7.014846,0.474556,1.366789,0.594959,5.628768
3.280000,8.133081,4.505038,4.580205,6.958778,0.023976,1.389449,0.155623,6.891710
1.560000,7.836144,5.541407,4.516990,6.925914,-0.102226,1.255871,0.338780,8.681376
1.560000,7.667947,5.517840,3.815025,6.899032,-0.111448,1.404954,0.057461,9.901221
1.560000,7.484748,5.497923,3.289375,6.876900,-0.129616,1.496789,-0.193930,10.474632
1.560000,7.113777,5.477170,3.319642,6.856465,-0.126826,1.186697,0.136469,9.481039
1.560000,6.730273,5.460674,3.667164,6.841247,-0.188974,1.086514,-0.004788,8.006210
1.560000,6.356915,5.448762,4.439724,6.831337,-0.301409,1.111560,-0.087388,7.010222
5.880000,5.967201,2.788444,5.840760,6.875736,-0.764642,0.894495,-0.126893,7.349002
6.160000,5.928766,2.239901,5.557214,6.876426,-0.867074,0.979174,-0.190339,8.475474
7.120000,5.992613,2.043031,5.359815,6.876230,-0.919834,0.980367,-0.548272,9.041702
7.000000,6.117428,2.212570,5.530630,6.876575,-0.938713,0.856330,-0.293290,9.795877
7.000000,6.291062,2.211228,5.557193,6.870135,-0.905709,0.746605,-0.222661,10.761936
7.000000,6.482756,2.209830,5.107053,6.863217,-0.862902,0.918348,-0.328006,10.791864
12.480000,6.593599,3.474105,4.497143,6.861761,-0.793156,0.830092,-0.205901,11.015722
14.560000,6.746335,3.555093,4.086002,6.853458,-0.693174,0.772844,-0.272939,11.250354
14.560000,6.944981,3.554036,4.237689,6.848566,-0.625698,0.738257,-0.332794,10.736797
16.600000,7.448691,3.504303,4.779687,6.853351,-0.559240,0.651193,-0.191536,11.988965
17.280001,7.998947,3.336747,4.989287,6.846352,-0.399585,0.851560,-0.466869,12.162544
17.360001,8.473181,3.213580,4.279595,6.905721,-0.267083,0.850367,-0.454898,12.805387
16.719999,8.901545,3.063714,3.380904,6.976849,-0.220447,0.784771,-0.159214,13.425486
15.640000,9.517296,2.955720,2.582338,7.049730,0.069442,0.979174,-0.424971,12.971785
12.040000,9.910190,2.764648,2.506098,7.110976,0.096900,0.826514,-0.389058,13.190854
11.520000,10.097250,2.679633,2.755461,7.194150,0.498154,0.941009,-0.399832,12.895170
8.280000,9.977992,2.550516,2.796032,7.252470,0.523387,0.932660,-0.690727,13.180080
7.800000,9.684896,2.625809,2.533415,7.343890,0.899227,0.664312,-0.317232,11.820174
5.480000,9.456411,3.358150,2.231441,7.427636,1.016213,0.663119,0.019154,12.249933
4.200000,9.319707,4.287330,2.160374,7.478629,1.029703,0.822936,-0.116119,11.299435
3.600000,9.071465,4.968671,3.076868,7.563329,1.242723,1.112752,-0.497994,11.058818
3.000000,8.335176,5.824867,5.852467,7.646085,1.400442,1.003027,-0.029928,10.109517
3.040000,7.701890,6.274020,7.204409,7.673917,1.357861,1.018532,0.063446,9.044097
3.080000,7.093390,6.548151,7.967186,7.695277,1.285389,0.992293,0.071826,9.342175
3.000000,6.766979,6.830626,8.720078,7.720402,1.249090,1.082936,-0.187945,9.035717
3.080000,6.588805,6.996894,9.754702,7.734445,1.149785,1.201009,0.184354,8.717288
2.280000,6.630828,7.120655,10.670360,7.749535,1.061749,1.242752,0.304064,8.435969
1.960000,6.656535,6.923448,10.815807,7.756459,0.888517,1.100826,0.286107,7.334637
3.440000,6.704856,6.075887,10.121116,7.777449,0.847992,1.014954,0.507571,7.462727
3.280000,6.507988,5.489194,9.212953,7.800333,0.815617,1.025688,0.235829,8.335413
3.440000,6.003524,5.023038,8.770959,7.823517,0.782238,0.769266,0.410606,8.166622
3.440000,6.008125,4.561306,8.699295,7.823663,0.376127,0.518807,0.418985,8.705317
3.440000,6.377111,4.196218,8.369435,7.851243,0.270672,0.752569,0.405817,9.610326
3.080000,6.507926,4.005526,7.946980,7.884020,0.251204,0.741835,0.515950,9.993398
3.120000,5.929939,3.842654,7.521237,7.922160,0.271429,0.844404,-0.084994,10.703279
2.400000,5.254412,3.755123,7.169383,7.951424,0.243408,0.748991,0.354342,8.790312
2.400000,4.935184,3.767096,6.760803,7.980813,0.214042,0.628532,0.156820,8.657434
1.800000,4.704008,3.647891,6.405177,8.007521,0.090930,0.604679,0.079009,8.028955
2.400000,4.495167,3.660122,6.338351,8.036798,-0.039331,0.509266,-0.184354,8.838196
2.440000,4.452079,3.775310,6.133501,8.073707,-0.121584,0.615413,-0.167594,8.957906
2.440000,4.432284,3.789294,5.794047,8.103914,-0.197141,0.486605,-0.353145,9.028535
2.440000,4.389979,3.802815,5.455975,8.133382,-0.253022,0.473486,-0.526724,9.466674
2.440000,4.249994,3.809409,5.089715,8.149029,-0.241568,0.669082,-0.672771,10.165780
2.440000,4.039311,3.819952,5.134935,8.173826,-0.226382,0.512844,-0.508768,10.269928
2.440000,3.901530,3.830805,4.933433,8.198486,-0.216684,0.599908,-0.440533,10.536881
2.440000,3.710578,3.840745,4.647286,8.221648,-0.192190,0.629725,-0.635661,9.673772
2.400000,3.514987,4.185663,4.425820,8.244412,-0.196776,0.605871,-0.577003,10.038888
2.400000,3.389909,4.196619,4.361012,8.267158,-0.224754,0.473486,-0.581791,8.840590
2.800000,3.642070,3.811690,4.303788,8.304957,-0.263861,0.277890,-0.415394,9.844957
2.800000,3.988796,3.837328,4.146849,8.357612,-0.269117,0.456789,-0.509965,10.988189
2.800000,3.896817,3.854992,3.865581,8.397128,-0.199286,0.491376,-0.372298,9.843760
2.800000,3.736797,3.872658,3.639859,8.437299,-0.208166,0.302936,-0.262165,9.655815
2.800000,3.529019,3.889095,3.606382,8.475171,-0.236164,0.349450,-0.305261,8.836999
2.800000,3.354556,3.904952,3.541585,8.511391,-0.273185,0.432936,-0.025139,9.483433
2.800000,3.275888,3.920431,3.530447,8.545916,-0.279195,0.520000,-0.120907,9.142260
2.280000,3.289583,1.278447,3.409548,8.577381,-0.283302,0.488991,-0.005986,9.436746
2.160000,3.243782,1.653414,3.110921,8.616223,-0.353966,0.446055,0.033519,9.463082
1.720000,3.197405,2.011474,2.637182,8.644710,-0.355794,0.566514,-0.064643,10.014946
2.120000,3.077770,3.024601,2.040138,8.671372,-0.354187,0.560550,-0.007183,10.084377
2.160000,2.943490,3.085912,1.888900,8.696013,-0.332862,0.638073,-0.149638,10.880449
3.400000,2.703650,3.358728,2.191779,8.716984,-0.269918,0.703670,0.034716,10.818200
3.400000,2.620152,3.366996,2.195933,8.739083,-0.256374,0.664312,-0.083797,10.988189
6.720000,2.857078,3.162007,1.735191,8.760514,-0.003666,0.850367,-0.422577,12.824541
7.120000,2.941274,3.043907,1.684054,8.779260,0.045377,0.802660,-0.322020,11.732785
8.560000,2.921245,3.015862,1.664674,8.801929,0.246731,0.708440,-0.227449,11.203667
8.560000,2.819817,2.986215,1.567449,8.821031,0.255637,0.525963,-0.501585,9.804255
8.400000,3.367573,2.977292,1.627939,8.843357,0.475250,0.441284,-0.288501,11.105505
7.240000,3.978388,2.822739,1.589440,8.861128,0.484377,0.623761,-0.238223,10.607511
6.960000,4.100701,2.575530,2.084499,8.879667,0.504809,0.487798,-0.404620,12.977770
6.200000,4.172182,2.405561,2.736843,8.920402,0.787839,0.509266,-0.136469,12.174516
6.200000,4.358002,2.411321,2.837536,8.939623,0.808792,0.437706,-0.324414,11.252748
5.600000,4.466671,2.032029,2.375834,8.955856,0.814146,0.166972,-0.217872,9.443929
5.600000,4.656604,2.039609,2.038720,8.986915,0.900908,0.039358,-0.041899,7.223307
4.560000,4.856946,1.379293,2.654275,8.989921,0.784245,0.238532,0.004788,8.075643
4.560000,4.966674,1.380205,3.430660,8.994388,0.686231,0.373303,0.184354,7.546524
4.720000,5.149124,0.773442,3.676316,8.996791,0.508454,0.137156,0.278924,9.257181
4.480000,5.125815,0.608565,3.594814,9.009647,0.496478,0.375688,0.019154,9.217676
4.240000,4.964878,0.313783,3.600446,9.019672,0.448910,0.379266,0.063446,10.170568
4.200000,4.731622,0.055464,3.315315,9.037539,0.447074,0.382844,-0.378284,10.032902
4.200000,4.467817,0.055511,2.728451,9.048517,0.468042,0.376881,-0.147243,10.044873
4.200000,4.304294,0.055549,2.193774,9.056626,0.460817,0.385229,-0.088585,9.676167
4.200000,4.365810,0.055609,2.028687,9.065674,0.444270,0.446055,-0.189142,9.232041
4.200000,4.435627,0.055653,2.106487,9.072074,0.424930,0.522385,-0.193930,9.975441
4.200000,4.321104,0.055682,2.068306,9.078143,0.411880,0.653578,-0.142455,9.106346
0.880000,4.126982,-0.148520,1.683016,9.082528,0.375336,0.666697,-0.333991,9.375694
1.360000,3.912794,-0.129992,1.356622,9.087531,0.356295,0.685780,-0.152032,10.196905
1.280000,3.437866,-0.129865,1.475934,9.083462,0.358168,0.675046,-0.253785,10.122684
0.280000,2.590979,-0.129735,1.997004,9.081449,0.213807,0.300550,-0.160412,7.827842
-0.000000,2.986335,-0.259243,1.965951,9.070499,0.126669,0.511651,0.106542,8.510190
-0.000000,3.548033,-0.462667,1.297867,9.060328,0.103212,0.782385,-0.181959,11.110293
-0.000000,3.401381,-0.942694,0.360337,9.051339,0.187039,1.102018,-0.343568,11.498154
-0.000000,2.784863,-1.531892,-0.750778,9.044393,0.301368,1.081743,-0.955287,10.602722
-0.000000,1.846779,-2.357711,-1.810396,9.035229,0.315471,0.878991,-0.555455,9.114726
0.040000,0.845269,-2.938342,-3.077332,9.014777,0.259918,0.565321,-0.378284,7.972692
0.080000,0.445653,-3.391541,-4.074115,9.002413,0.074824,0.630917,-0.599748,7.170634
0.080000,0.206054,-4.027022,-4.726330,8.993185,-0.017624,0.568899,-0.665588,7.599196
0.440000,0.106111,-4.531574,-4.588925,8.981370,-0.144800,0.750183,-0.537498,7.700950
1.480000,-0.132996,-5.219288,-4.434497,8.976080,-0.297457,0.706055,-0.434548,7.856573
1.480000,-0.415420,-5.686822,-4.350031,8.969580,-0.351534,0.508073,-0.112527,9.494206
1.480000,-0.499590,-6.148720,-4.034665,8.956992,-0.372580,0.579633,-0.355539,8.661025
0.680000,-0.520371,-6.255273,-3.922255,8.954457,-0.458446,0.274312,-0.253785,7.557298
0.680000,-0.184704,-6.255047,-4.457792,8.954454,-0.552824,0.267156,-0.648829,9.111135
0.560000,0.000700,-6.128049,-4.864967,8.953479,-0.617413,0.571284,-0.046687,8.757990
1.240000,0.017068,-6.032482,-5.032017,8.945526,-0.632318,0.663119,0.781707,9.490616
1.280000,-0.103502,-6.029206,-4.994067,8.940618,-0.643247,0.670275,0.582988,8.283937
4.720000,-0.221842,-6.012769,-4.792455,8.942947,-0.757098,0.708440,0.191536,8.185776
6.560000,-0.140392,-5.972797,-4.577998,8.937102,-0.827114,0.639266,0.128090,8.710106
8.920000,0.279378,-5.862037,-4.474130,8.933034,-0.836821,0.644037,0.026336,8.833407
9.080000,0.849713,-5.844167,-4.504474,8.932393,-0.855483,0.614220,0.299275,10.362105
12.960000,2.132820,-5.326741,-4.364246,8.876287,-0.616125,0.762110,-0.396240,11.329363
13.040000,2.873667,-5.307175,-2.736298,8.868562,-0.471829,0.863486,-0.648829,11.742362
14.800000,3.480372,-4.874647,-0.779299,8.860664,-0.303645,0.720367,0.339977,12.469003
14.560000,4.081884,-4.589787,-0.696470,8.859827,-0.140950,0.640459,0.439336,12.162544
14.000000,4.670925,-4.505272,-2.180603,8.863645,0.093941,0.838440,-0.086191,12.395979
12.960000,5.035245,-4.276177,-3.313190,8.869740,0.217558,0.702477,-0.290895,10.818200
9.280000,5.392518,-3.576540,-3.610354,8.877160,0.287860,0.763303,0.020351,10.183737
6.520000,5.319673,-2.290119,-3.411791,8.881439,0.331000,0.547431,0.678756,9.779117
5.840000,5.274805,-1.800336,-3.210785,8.884997,0.342324,0.652385,0.413000,9.850943
5.560000,5.291255,-1.656234,-3.357546,8.891721,0.386281,0.665505,0.241814,11.204864
5.360000,5.397504,-1.604076,-3.467424,8.903582,0.544558,0.467523,0.146046,12.042834
4.520000,5.361996,-1.807159,-3.098889,8.917428,0.673047,0.703670,0.046687,11.586740
3.840000,5.101841,-1.992973,-2.526297,8.936454,0.828813,0.561743,0.274136,11.015722
3.360000,4.681493,-2.120808,-2.301508,8.941894,0.845901,0.225413,0.296881,9.373300
3.320000,4.131874,-2.267084,-2.972273,8.949142,0.820501,0.463945,0.031125,8.002619
3.400000,3.778443,-2.566838,-3.092306,8.979561,0.735782,0.135963,-0.199916,8.134300
3.440000,3.592239,-2.940496,-2.783593,9.004655,0.593120,0.182477,0.053870,7.422025
3.440000,3.561986,-3.118736,-2.673980,9.043161,0.565220,0.194404,0.554258,6.843825
3.440000,3.330522,-3.604117,-2.249566,9.062384,0.282337,0.273119,0.209493,5.865794
3.440000,3.179585,-4.056850,-1.266283,9.087438,-0.012049,0.141927,0.231040,6.489484
3.440000,3.284054,-4.663015,-0.796998,9.117561,-0.180551,0.085872,0.392649,6.354211
3.440000,3.208759,-5.352684,-1.641826,9.160378,-0.665378,0.363761,-0.378284,8.427590
3.440000,2.230616,-6.103777,-3.381463,9.211665,-0.691745,0.285046,-0.782904,8.321048
3.560000,2.178515,-6.328350,-4.144861,9.241803,-0.785933,0.186055,-0.488417,9.373300
3.560000,2.364210,-6.530641,-4.354702,9.263646,-0.778103,0.255229,0.192733,10.196905
3.560000,2.514374,-6.657141,-4.716598,9.283127,-0.698691,0.295780,0.002394,10.972627
3.600000,2.492635,-6.799646,-4.942516,9.299451,-0.643868,0.281468,-0.165200,10.891224
3.640000,2.468316,-6.959625,-5.477656,9.313593,-0.546026,0.138349,0.219069,12.042834
4.560000,2.538521,-7.248713,-6.644486,9.323964,-0.378767,0.262385,0.104148,12.042834
4.520000,2.661387,-7.487405,-7.910950,9.340856,-0.351804,0.301743,0.005986,12.033257
4.560000,2.728451,-7.580658,-8.335944,9.363215,-0.305570,0.233761,0.008380,11.280281
4.560000,2.811342,-7.646533,-8.317961,9.374405,-0.043309,0.201560,0.112527,10.608707
1.600000,2.942481,-7.190341,-8.328041,9.392096,-0.027408,0.187248,0.445322,10.553641
0.160000,3.055624,-5.117595,-8.367198,9.413104,-0.006158,0.263578,0.132878,10.890026
0.400000,3.226568,-4.171221,-8.249026,9.430218,0.133054,0.360183,0.281319,11.334151
0.800000,3.006134,-3.698675,-7.737920,9.449087,0.204914,0.523578,0.684742,11.198878
0.480000,2.474722,-3.493033,-7.162395,9.468833,0.252930,0.477064,0.627281,9.047688
0.680000,1.923061,-3.304689,-6.386096,9.484422,0.220769,0.351835,0.653617,8.972271
0.640000,1.631958,-3.230757,-5.735144,9.495358,0.131293,0.330367,0.553061,8.773552
0.080000,1.597367,-3.080575,-5.118686,9.508756,0.127044,0.511651,0.520739,9.493010
0.240000,1.626258,-2.871185,-4.534859,9.519789,0.072451,0.395963,0.512359,10.101137
0.240000,1.423580,-2.738753,-4.139030,9.531686,0.091014,0.243303,0.278924,9.531317
0.200000,1.206007,-2.508605,-4.004711,9.542519,0.065638,0.329174,0.203507,9.544485
0.040000,0.963749,-1.869444,-3.735230,9.553732,0.041205,0.324404,-0.102951,8.280347
0.080000,1.141306,-1.501009,-3.189056,9.561916,-0.036508,0.381651,-0.112527,8.756793
0.080000,0.811871,-1.227679,-2.174354,9.558859,-0.130117,0.302936,0.215478,10.132261
-0.000000,0.070424,-1.189517,-1.513452,9.566250,-0.117508,0.455596,0.191536,10.352529
-0.000000,-0.595773,-1.151421,-1.418938,9.573176,-0.105405,0.188440,-0.037110,9.362526
-0.000000,-0.460440,-1.132252,-2.148801,9.576272,-0.136495,0.329174,-0.906205,9.892841
-0.000000,-0.291260,-1.132829,-3.137692,9.581342,-0.137497,0.531927,-1.019930,9.150639
-0.000000,-0.313181,-1.152635,-3.890138,9.583648,-0.192867,0.330367,-0.834379,7.407660
0.040000,-0.499939,-1.175758,-3.740002,9.612806,-0.420895,0.035780,-0.784101,7.647080
-0.000000,-0.499176,-1.258227,-2.789352,9.644313,-0.507536,-0.274312,-0.264559,8.307879
0.040000,-0.358533,-1.380752,-2.001372,9.676811,-0.584858,-0.174128,-0.177171,10.090364
0.040000,-0.471570,-1.483419,-2.136575,9.703401,-0.555381,-0.479449,0.120907,10.510546
0.040000,-0.454785,-1.566526,-2.699754,9.728461,-0.526620,-0.460367,-0.071826,10.572795
0.040000,-0.490820,-1.629971,-3.023553,9.752281,-0.467622,-0.424587,-0.003591,10.506954
0.080000,-0.483810,-1.739671,-1.998306,9.810812,-0.491751,-0.686972,0.185551,9.288305
0.080000,-0.539500,-1.784945,-1.428232,9.840001,-0.543097,-0.616605,0.045490,8.972271
0.040000,-0.679710,-1.809293,-1.028511,9.863231,-0.541619,-0.733486,0.266953,10.164583
0.120000,-0.922794,-1.894801,-0.489409,9.889554,-0.539236,-0.571284,-0.014365,10.156203
0.120000,-0.930053,-1.999068,0.283315,9.907187,-0.532554,-0.449633,0.033519,10.134656
0.200000,-0.811135,-2.046681,0.269156,9.942807,-0.481072,-0.556972,0.612916,10.414778
0.200000,-0.706712,-2.069512,-0.747615,9.955493,-0.381047,-0.448440,0.167594,10.782288
0.320000,-0.676924,-2.133583,-1.355332,9.970795,-0.286698,-0.338716,-0.088585,10.892421
0.520000,-0.621245,-2.319302,-1.278957,9.983971,-0.268097,-0.559358,-0.146046,11.556811
0.800000,-0.484855,-2.749163,-1.086645,9.995939,-0.136512,-0.542660,0.274136,12.217611
2.160000,-0.602090,-3.607539,-1.501594,10.009843,-0.113419,-0.704862,0.553061,11.796232
2.320000,-0.643761,-4.346973,-1.941288,10.028902,-0.089214,-0.929082,-0.075417,11.949461
3.160000,-0.614314,-5.617356,-1.799080,10.050970,-0.071522,-1.040000,-0.677559,10.722432
3.200000,-0.278607,-6.768968,-2.209891,10.077562,0.366471,-1.133027,0.554258,10.866084
3.640000,0.228092,-7.840177,-3.808987,10.103810,0.377605,-0.924312,0.545878,11.162966
3.600000,0.573807,-8.657969,-5.345029,10.140145,0.534748,-0.778807,-0.073023,12.087128
3.120000,0.914321,-9.085420,-5.813530,10.166419,0.648416,-0.831284,-0.918176,11.653777
3.160000,1.598558,-9.332536,-5.597257,10.191454,0.661600,-0.582018,-0.320823,10.639832
3.200000,1.980720,-9.529311,-6.621182,10.227525,0.761415,-0.548624,0.762553,7.915231
3.240000,2.120662,-9.658866,-7.826878,10.257070,0.636815,-0.650000,0.231040,7.679402
3.280000,2.275696,-9.671873,-7.552128,10.270081,0.523263,-0.559358,-0.100556,7.283162
3.280000,2.500955,-9.693870,-7.071771,10.292201,0.501383,-0.565321,0.239420,8.664616
3.600000,3.071838,-9.722244,-7.622822,10.317907,0.261126,-0.560550,0.731429,10.657789
3.480000,3.415804,-9.756881,-8.290253,10.351862,0.353622,-0.155046,0.574608,12.117055
3.840000,3.089908,-9.908278,-8.957731,10.519115,0.424651,-0.098991,0.105345,10.891224
4.080000,3.409664,-9.910764,-9.173616,10.541094,0.585702,-0.051284,0.099359,11.547235
4.200000,3.854581,-9.856895,-9.271723,10.568395,0.638674,0.367339,0.214281,11.267113
3.800000,4.135983,-9.435274,-9.013604,10.586665,0.697713,0.388807,0.713472,11.498154
2.920000,4.401141,-8.418054,-8.150839,10.605525,0.774245,0.311284,0.511162,11.022904
3.440000,4.594727,-7.815948,-7.897158,10.622331,0.769919,0.296972,0.563834,10.881647
3.600000,4.665190,-7.505445,-8.697641,10.604474,0.763005,0.311284,0.349553,10.329783
4.000000,4.711626,-7.354831,-9.529582,10.570856,0.826941,0.448440,0.397437,10.134656
4.280000,4.677756,-7.295647,-9.493686,10.547050,0.813569,0.335138,0.762553,10.824186
4.520000,4.766101,-7.260982,-9.435645,10.526016,0.833258,0.411468,0.330400,11.015722
4.640000,4.957424,-7.320969,-9.749442,10.517836,0.916086,0.422202,-0.080206,11.437101
